first_name,last_name,email
Eleve01,Test01,eleve01.test01@example.com
Eleve02,Test02,eleve02.test02@example.com
Eleve03,Test03,eleve03.test03@example.com
Eleve04,Test04,eleve04.test04@example.com
Eleve05,Test05,eleve05.test05@example.com
Eleve06,Test06,eleve06.test06@example.com
Eleve07,Test07,eleve07.test07@example.com
Eleve08,Test08,eleve08.test08@example.com
Eleve09,Test09,eleve09.test09@example.com
Eleve10,Test10,eleve10.test10@example.com
Eleve11,Test11,eleve11.test11@example.com
Eleve12,Test12,eleve12.test12@example.com
Eleve13,Test13,eleve13.test13@example.com
Eleve14,Test14,eleve14.test14@example.com
Eleve15,Test15,eleve15.test15@example.com
Eleve16,Test16,eleve16.test16@example.com
Eleve17,Test17,eleve17.test17@example.com
Eleve18,Test18,eleve18.test18@example.com
Eleve19,Test19,eleve19.test19@example.com
